object_id,message,created_time
266351330231_779174707587256,"Couples that layer together, stay together ?   Warm, Extra Warm + Ultra Warm HEATTECH pieces are essential to cozy winter looks. Shop the collection in stores + online!   Find them all here: https://www.uniqlo.com/us/en/women/innerwear/heattech-innerwear-and-thermal-underwear?storeId=101539&inventoryCondition=1  #Uniqlo #Uniqlousa",2023-12-30T15:06:34+0000
266351330231_779174707587256,,
266351330231_779174707587256,,
266351330231_779174707587256,,
266351330231_779174707587256,,
266351330231_778068397697887,Kick off the New Year in your HOTTEST look when you step into 2024 with cozy warm HEATTECH layers! ?  Find all our HEATTECH layers here: https://bit.ly/3RBxSDo  #Uniqlo #Uniqlousa #HEATTECH,2023-12-28T22:22:16+0000
266351330231_778068397697887,,
266351330231_778068397697887,,
266351330231_778068397697887,,
266351330231_778068397697887,,
266351330231_777857181052342,Jaws will drop at ball drop ?? Make it to midnight in these NYE dress picks!   Shop all dresses in stores + online here: https://www.uniqlo.com/us/en/women/dresses-and-skirts?storeId=101539&inventoryCondition=1   #Uniqlo #Uniqlousa #NewYearsoutfit,2023-12-28T14:50:26+0000
266351330231_777857181052342,I¡¯ll tell you the ultrastrech airism dress is the best I¡¯ve worn! I¡¯ve ordered another.,2023-12-28T17:35:20+0000
266351330231_777857181052342,,
266351330231_777857181052342,I¡¯ll tell you the ultrastrech airism dress is the best I¡¯ve worn! I¡¯ve ordered another.,2023-12-28T17:35:20+0000
266351330231_777857181052342,,
266351330231_777242287780498,"Aesthetically pleasing shopping? Yes, please! ?  You know what they say: home is where the organized shelves are! #Uniqlousa #Uniqlo",2023-12-27T15:50:26+0000
266351330231_777242287780498,Please open an outlet in Texas ?,2023-12-29T02:13:27+0000
266351330231_777242287780498,,
266351330231_777242287780498,Please open an outlet in Texas ?,2023-12-29T02:13:27+0000
266351330231_777242287780498,,
266351330231_777242261113834,"Stay warm in the snow with our heat-holding Recycled Hybrid Down Jacket from the UNIQLO x White Mountaineering collection.  Plus, find end of season deals on winter¡¯s most-loved outerwear in stores + online here: https://bit.ly/47Zv3mp #Uniqlo #Uniqlousa",2023-12-27T15:50:10+0000
266351330231_777242261113834,,
266351330231_777242261113834,,
266351330231_777242261113834,,
266351330231_777242261113834,,
266351330231_777210967783630,"Peak packable puffer season calls for our high-performance Ultra Light Down Jacket. Featuring a packable design that folds down into its own pouch, this is the season¡¯s best!   Shop in stores + online here: https://www.uniqlo.com/us/en/women/outerwear-and-blazers/ultra-light-down?storeId=101539&inventoryCondition=1 #Uniqlo #Uniqlousa",2023-12-27T15:00:42+0000
266351330231_777210967783630,,
266351330231_777210967783630,,
266351330231_777210967783630,,
266351330231_777210967783630,,
266351330231_776761377828589,UNIQLO ASMR Y/N?   It¡¯s a yes from us ??  #Uniqlo #Uniqlousa,2023-12-26T23:21:16+0000
266351330231_776761377828589,Actually I want to grow your youtube channel,2023-12-28T11:49:11+0000
266351330231_776761377828589,"?????  Love is not just a feeling, it¡¯s an action?https://aekkaphod.vercel.app/",2023-12-27T06:53:52+0000
266351330231_776761377828589,,
266351330231_776761377828589,Actually I want to grow your youtube channel,2023-12-28T11:49:11+0000
266351330231_776761377828589,"?????  Love is not just a feeling, it¡¯s an action?https://aekkaphod.vercel.app/",2023-12-27T06:53:52+0000
266351330231_776761377828589,,
266351330231_776568167847910,"The popular bag with a special Marimekko touch. Designed to fit across the body with piping to keep the form intact.  And a selection of socks in iconic designs featuring UNIQLO¡¯s HEATTECH fabric to keep the feet warm all winter long.  Preview the collection before it arrives here: https://www.uniqlo.com/us/en/contents/collaboration/uniqloxmarimekko/23fw/  @marimekko #UniqloxMarimekko, #newyearcollection, #Uniqlo, #Lifewear, #Marimekko",2023-12-26T16:10:14+0000
266351330231_776568167847910,Are these going to be available in-store too? ?,2023-12-26T18:42:55+0000
266351330231_776568167847910,,
266351330231_776568167847910,Are these going to be available in-store too? ?,2023-12-26T18:42:55+0000
266351330231_776568167847910,,
266351330231_775936064577787,"Happy Holidays from UNIQLO!   This month, we launched our charity T-shirt collection across the globe with events in Milan, Tokyo, and New York, with all proceeds donated to international organizations! We've already raised over $4 million dollars for our partners UNHCR, Save the Children, and Plan International, and we can't wait to continue our joint efforts in the coming year!",2023-12-25T16:47:22+0000
266351330231_775936064577787,,
266351330231_775936064577787,,
266351330231_775936064577787,,
266351330231_775936064577787,,
266351330231_775332441304816,"The ""sock"" market is booming ? ??   HEATTECH socks are cold-weather essentials, grab a pair (or 2) in stores + online here: https://bit.ly/48h6iSj    #Uniqlo #Uniqlousa",2023-12-24T19:49:22+0000
266351330231_775332441304816,Can we get a Uniqlo store in Pittsburgh PA please,2023-12-24T21:33:41+0000
266351330231_775332441304816,,
266351330231_775332441304816,Can we get a Uniqlo store in Pittsburgh PA please,2023-12-24T21:33:41+0000
266351330231_775332441304816,,
266351330231_774498311388229,"Get a last-minute gift for everyone left on your list! Stop by select UNIQLO stores to design custom, one-of-a-kind tote bags + tees before the holiday!   Find more info here: https://www.uniqlo.com/us/en/special-feature/utme  #Uniqlo #Uniqlousa",2023-12-23T16:51:25+0000
266351330231_774498311388229,Danny Chiang,2023-12-23T21:12:57+0000
266351330231_774498311388229,,
266351330231_774498311388229,Danny Chiang,2023-12-23T21:12:57+0000
266351330231_774498311388229,,
266351330231_773906281447432,A little something for the holiday¡¯s main event ???  Shop the super chic Knitted Short Jacket in stores + online here: https://www.uniqlo.com/us/en/women/outerwear-and-blazers/jackets-and-parkas?storeId=101539&inventoryCondition=1,2023-12-22T19:18:18+0000
266351330231_773906281447432,,
266351330231_773906281447432,,
266351330231_773906281447432,,
266351330231_773906281447432,,
266351330231_773843551453705,"To celebrate the holidays, UNIQLO's 5th Avenue Global Flagship store in NYC hosted a special card-making workshop for children in need where they met Snoopy!   Peanuts is one of the collaborators of UNIQLO's T-shirt charity project. All proceeds from this charity project will be donated to international organizations supporting people worldwide.  Find the full collection online here: https://bit.ly/3NyGBVH",2023-12-22T16:50:09+0000
266351330231_773843551453705,What the hell babe???,2023-12-22T16:59:34+0000
266351330231_773843551453705,,
266351330231_773843551453705,What the hell babe???,2023-12-22T16:59:34+0000
266351330231_773843551453705,,
266351330231_773303151507745,"The long-loved fleece collection is perfect for everyday style, warmth + (of course) comfort!   Shop the 50+ options in stores + online here: https://bit.ly/3NsYftA  #Uniqlousa",2023-12-21T21:12:21+0000
266351330231_773303151507745,,
266351330231_773303151507745,,
266351330231_773303151507745,,
266351330231_773303151507745,,
266351330231_773098801528180,"Dive into the rich world of Katsushika Hokusai's iconic ukiyo-e prints from the collection of the Museum of Fine Arts, Boston!  UNIQLO and MFA's continued partnership brings the Museum's timeless pieces to life through the canvas of a T-shirt.  Find the full collection in stores + online here: https://bit.ly/3RnN1b5",2023-12-21T14:31:28+0000
266351330231_773098801528180,Coming to The Nelson-Atkins Museum of Art in 2024! Time to visit Kansas City,2023-12-22T05:23:41+0000
266351330231_773098801528180,"Amazing day for the team once again ????. Swipe right to see more of today¡¯s profit rolling in  if you¡¯re interested in copying our EXACT trade shoot me a DM-Hallo, entschuldigen Sie die Unannehmlichkeiten mit Ihrem Konto. Ich garantiere ?prozentige Sicherheit bei der Wiederherstellung Ihres Kontos. Schicken Sie mir eine Nachricht zur Genesung?????",2023-12-21T21:34:01+0000
266351330231_773098801528180,,
266351330231_773098801528180,Coming to The Nelson-Atkins Museum of Art in 2024! Time to visit Kansas City,2023-12-22T05:23:41+0000
266351330231_773098801528180,"Amazing day for the team once again ????. Swipe right to see more of today¡¯s profit rolling in  if you¡¯re interested in copying our EXACT trade shoot me a DM-Hallo, entschuldigen Sie die Unannehmlichkeiten mit Ihrem Konto. Ich garantiere ?prozentige Sicherheit bei der Wiederherstellung Ihres Kontos. Schicken Sie mir eine Nachricht zur Genesung?????",2023-12-21T21:34:01+0000
266351330231_773098801528180,,
266351330231_772582361579824,Looking to make last-minute gifting easier? Use our "Order & Pick" delivery option when you buy online to get SAME-DAY pickup in stores!  Available until 12/24?  #Uniqlo #Uniqlousa,2023-12-20T20:54:19+0000
266351330231_772582361579824,?????????,2023-12-20T21:29:13+0000
266351330231_772582361579824,,
266351330231_772582361579824,?????????,2023-12-20T21:29:13+0000
266351330231_772582361579824,,
266351330231_772393608265366,Exciting news: UNIQLO x Marimekko 2024 New Year is coming!   A limited-edition collection to inspire adventure and enrich the pleasure of cozy dressing.The collection will be available in January 4th at UNIQLO stores and online stores.  Catch the first glimpse here:https://bit.ly/41q1Heg,2023-12-20T14:30:51+0000
266351330231_772393608265366,,
266351330231_772393608265366,,
266351330231_772393608265366,,
266351330231_772393608265366,,
266351330231_771887441649316,Ultra Light Down is the secret to walking in a winter wonderland ????   Shop the lightweight yet warm lineup of layers in stores + online here: https://bit.ly/3v2flZ9  #Uniqlo #Uniqlousa,2023-12-19T20:47:07+0000
266351330231_771887441649316,I like these! I've collected several over the years. Am wearing one now!,2023-12-22T12:28:20+0000
266351330231_771887441649316,The Best! Its a pity we can¡¯t get them in Ecuador.,2023-12-20T01:37:03+0000
266351330231_771887441649316,The Best Ever,2023-12-20T19:48:15+0000
266351330231_771887441649316,Whoa almost $80!,2023-12-20T01:51:27+0000
266351330231_771887441649316,,
266351330231_771887441649316,I like these! I've collected several over the years. Am wearing one now!,2023-12-22T12:28:20+0000
266351330231_771887441649316,The Best! Its a pity we can¡¯t get them in Ecuador.,2023-12-20T01:37:03+0000
266351330231_771887441649316,The Best Ever,2023-12-20T19:48:15+0000
266351330231_771887441649316,Whoa almost $80!,2023-12-20T01:51:27+0000
266351330231_771887441649316,,
266351330231_771771371660923,Last-minute gifts ideas just hit the chat ?    Shipping Cut-Offs: 12/19-Express shipping 12/24-Same Day Order & Pick #Uniqlo #Uniqlousa,2023-12-19T16:59:20+0000
266351330231_771771371660923,,
266351330231_771771371660923,,
266351330231_771771371660923,,
266351330231_771771371660923,,
266351330231_771271695044224,Get in the knit know! ? Follow these 4 easy steps to preserve your knitwear and prevent stretching.   Find your favorite knits here: https://bit.ly/47XRs3l  #Uniqlo #Uniqlousa,2023-12-18T22:30:29+0000
266351330231_771271695044224,,
266351330231_771271695044224,,
266351330231_771271695044224,,
266351330231_771271695044224,,
266351330231_771055325065861,The always trending Moon Bag now in pastel-perfect hues! Order today with Priority shipping to give the ultimate last-minute holiday gift.   Find them all here: https://bit.ly/3RH87mn #Uniqlo #Uniqlousa,2023-12-18T15:33:01+0000
266351330231_771055325065861,,
266351330231_771055325065861,,
266351330231_771055325065861,,
266351330231_771055325065861,,
266351330231_770351505136243,We're taking the stress of gifting off your shoulders with perfect last-minute presents! Find them in stores + online. ?   Shipping Cut-Offs: 12/17-Standard shipping 12/18-Priority shipping 12/19-Express shipping 12/24-Same Day Order & Pick  #Uniqlo #Uniqlousa,2023-12-17T14:50:04+0000
266351330231_770351505136243,On my knees begging for a location at Sawgrass Mills,2023-12-17T19:40:33+0000
266351330231_770351505136243,,
266351330231_770351505136243,On my knees begging for a location at Sawgrass Mills,2023-12-17T19:40:33+0000
266351330231_770351505136243,,
266351330231_769226131915447,Perfect your winter capsule wardrobe with our latest Live Station Show with host Aemilia Madden!  Tune in here: https://www.uniqlo.com/us/en/special-feature/live-station/88  #Uniqlo #Uniqlousa,2023-12-15T21:07:10+0000
266351330231_769226131915447,"Please read this article carefully: Stop blindly investing in the stock market. Blind investing will only make you lose money because you are not professional enough. When a person feels that he is not good enough, the most important thing is to learn. How to choose a good stock? 5w.fit/CHgTB",2023-12-17T12:38:37+0000
266351330231_769226131915447,Salut from my Slavery live station  to yours,2023-12-15T21:15:34+0000
266351330231_769226131915447,,
266351330231_769226131915447,"Please read this article carefully: Stop blindly investing in the stock market. Blind investing will only make you lose money because you are not professional enough. When a person feels that he is not good enough, the most important thing is to learn. How to choose a good stock? 5w.fit/CHgTB",2023-12-17T12:38:37+0000
266351330231_769226131915447,Salut from my Slavery live station  to yours,2023-12-15T21:15:34+0000
266351330231_769226131915447,,
266351330231_769103111927749,"You get a gift card, and YOU get a gift card! Everyone gets a gift card! ? Give the gift of choice and let them choose exactly what's right for them.  #Uniqlo #Uniqlousa",2023-12-15T16:13:16+0000
266351330231_769103111927749,"GTB bank, OPAY bank, UBA bank. First bank, if you have any of the bank account you can make ?50k daily with your phone by visit this website, mayjong60.weebly.com",2023-12-20T01:08:16+0000
266351330231_769103111927749,,
266351330231_769103111927749,"GTB bank, OPAY bank, UBA bank. First bank, if you have any of the bank account you can make ?50k daily with your phone by visit this website, mayjong60.weebly.com",2023-12-20T01:08:16+0000
266351330231_769103111927749,,
266351330231_768605598644167,"Give them the gift that gets a *round* of applause: ""The Bag"" of 2023, named by Lyst! Plus, get ready for an upcoming pop of color! ?  Find them all here: https://bit.ly/3RH87mn  #Uniqlo #Uniqlousa #Uniqlobag #moonbag",2023-12-14T22:30:06+0000
266351330231_768605598644167,Shubhi Vijay,2023-12-15T03:21:26+0000
266351330231_768605598644167,???? ???'? ?????? ??????????????? ??? ??? ??? ???? ??????? ??????? 20 second. ????? ??? ???? ????? ??? ???? ??????????? ????? ????? https://gtudeal.com/f1/,2023-12-15T12:25:33+0000
266351330231_768605598644167,https://www.facebook.com/tobykeith,2023-12-15T12:25:12+0000
266351330231_768605598644167,,
266351330231_768605598644167,Shubhi Vijay,2023-12-15T03:21:26+0000
266351330231_768605598644167,???? ???'? ?????? ??????????????? ??? ??? ??? ???? ??????? ??????? 20 second. ????? ??? ???? ????? ??? ???? ??????????? ????? ????? https://gtudeal.com/f1/,2023-12-15T12:25:33+0000
266351330231_768605598644167,https://www.facebook.com/tobykeith,2023-12-15T12:25:12+0000
266351330231_768605598644167,,
uniqlo.us,,
uniqlo.us,,
266351330231_779174707587256,"Couples that layer together, stay together ?   Warm, Extra Warm + Ultra Warm HEATTECH pieces are essential to cozy winter looks. Shop the collection in stores + online!   Find them all here: https://www.uniqlo.com/us/en/women/innerwear/heattech-innerwear-and-thermal-underwear?storeId=101539&inventoryCondition=1  #Uniqlo #Uniqlousa",2023-12-30T15:06:34+0000
266351330231_779174707587256,,
266351330231_779174707587256,,
266351330231_779174707587256,,
266351330231_779174707587256,,
266351330231_778068397697887,Kick off the New Year in your HOTTEST look when you step into 2024 with cozy warm HEATTECH layers! ?  Find all our HEATTECH layers here: https://bit.ly/3RBxSDo  #Uniqlo #Uniqlousa #HEATTECH,2023-12-28T22:22:16+0000
266351330231_778068397697887,,
266351330231_778068397697887,,
266351330231_778068397697887,,
266351330231_778068397697887,,
266351330231_777857181052342,Jaws will drop at ball drop ?? Make it to midnight in these NYE dress picks!   Shop all dresses in stores + online here: https://www.uniqlo.com/us/en/women/dresses-and-skirts?storeId=101539&inventoryCondition=1   #Uniqlo #Uniqlousa #NewYearsoutfit,2023-12-28T14:50:26+0000
266351330231_777857181052342,I¡¯ll tell you the ultrastrech airism dress is the best I¡¯ve worn! I¡¯ve ordered another.,2023-12-28T17:35:20+0000
266351330231_777857181052342,,
266351330231_777857181052342,I¡¯ll tell you the ultrastrech airism dress is the best I¡¯ve worn! I¡¯ve ordered another.,2023-12-28T17:35:20+0000
266351330231_777857181052342,,
266351330231_777242287780498,"Aesthetically pleasing shopping? Yes, please! ?  You know what they say: home is where the organized shelves are! #Uniqlousa #Uniqlo",2023-12-27T15:50:26+0000
266351330231_777242287780498,Please open an outlet in Texas ?,2023-12-29T02:13:27+0000
266351330231_777242287780498,,
266351330231_777242287780498,Please open an outlet in Texas ?,2023-12-29T02:13:27+0000
266351330231_777242287780498,,
266351330231_777242261113834,"Stay warm in the snow with our heat-holding Recycled Hybrid Down Jacket from the UNIQLO x White Mountaineering collection.  Plus, find end of season deals on winter¡¯s most-loved outerwear in stores + online here: https://bit.ly/47Zv3mp #Uniqlo #Uniqlousa",2023-12-27T15:50:10+0000
266351330231_777242261113834,,
266351330231_777242261113834,,
266351330231_777242261113834,,
266351330231_777242261113834,,
266351330231_777210967783630,"Peak packable puffer season calls for our high-performance Ultra Light Down Jacket. Featuring a packable design that folds down into its own pouch, this is the season¡¯s best!   Shop in stores + online here: https://www.uniqlo.com/us/en/women/outerwear-and-blazers/ultra-light-down?storeId=101539&inventoryCondition=1 #Uniqlo #Uniqlousa",2023-12-27T15:00:42+0000
266351330231_777210967783630,,
266351330231_777210967783630,,
266351330231_777210967783630,,
266351330231_777210967783630,,
266351330231_776761377828589,UNIQLO ASMR Y/N?   It¡¯s a yes from us ??  #Uniqlo #Uniqlousa,2023-12-26T23:21:16+0000
266351330231_776761377828589,Actually I want to grow your youtube channel,2023-12-28T11:49:11+0000
266351330231_776761377828589,"?????  Love is not just a feeling, it¡¯s an action?https://aekkaphod.vercel.app/",2023-12-27T06:53:52+0000
266351330231_776761377828589,,
266351330231_776761377828589,Actually I want to grow your youtube channel,2023-12-28T11:49:11+0000
266351330231_776761377828589,"?????  Love is not just a feeling, it¡¯s an action?https://aekkaphod.vercel.app/",2023-12-27T06:53:52+0000
266351330231_776761377828589,,
266351330231_776568167847910,"The popular bag with a special Marimekko touch. Designed to fit across the body with piping to keep the form intact.  And a selection of socks in iconic designs featuring UNIQLO¡¯s HEATTECH fabric to keep the feet warm all winter long.  Preview the collection before it arrives here: https://www.uniqlo.com/us/en/contents/collaboration/uniqloxmarimekko/23fw/  @marimekko #UniqloxMarimekko, #newyearcollection, #Uniqlo, #Lifewear, #Marimekko",2023-12-26T16:10:14+0000
266351330231_776568167847910,Are these going to be available in-store too? ?,2023-12-26T18:42:55+0000
266351330231_776568167847910,,
266351330231_776568167847910,Are these going to be available in-store too? ?,2023-12-26T18:42:55+0000
266351330231_776568167847910,,
266351330231_775936064577787,"Happy Holidays from UNIQLO!   This month, we launched our charity T-shirt collection across the globe with events in Milan, Tokyo, and New York, with all proceeds donated to international organizations! We've already raised over $4 million dollars for our partners UNHCR, Save the Children, and Plan International, and we can't wait to continue our joint efforts in the coming year!",2023-12-25T16:47:22+0000
266351330231_775936064577787,,
266351330231_775936064577787,,
266351330231_775936064577787,,
266351330231_775936064577787,,
266351330231_775332441304816,"The ""sock"" market is booming ? ??   HEATTECH socks are cold-weather essentials, grab a pair (or 2) in stores + online here: https://bit.ly/48h6iSj    #Uniqlo #Uniqlousa",2023-12-24T19:49:22+0000
266351330231_775332441304816,Can we get a Uniqlo store in Pittsburgh PA please,2023-12-24T21:33:41+0000
266351330231_775332441304816,,
266351330231_775332441304816,Can we get a Uniqlo store in Pittsburgh PA please,2023-12-24T21:33:41+0000
266351330231_775332441304816,,
266351330231_774498311388229,"Get a last-minute gift for everyone left on your list! Stop by select UNIQLO stores to design custom, one-of-a-kind tote bags + tees before the holiday!   Find more info here: https://www.uniqlo.com/us/en/special-feature/utme  #Uniqlo #Uniqlousa",2023-12-23T16:51:25+0000
266351330231_774498311388229,Danny Chiang,2023-12-23T21:12:57+0000
266351330231_774498311388229,,
266351330231_774498311388229,Danny Chiang,2023-12-23T21:12:57+0000
266351330231_774498311388229,,
266351330231_773906281447432,A little something for the holiday¡¯s main event ???  Shop the super chic Knitted Short Jacket in stores + online here: https://www.uniqlo.com/us/en/women/outerwear-and-blazers/jackets-and-parkas?storeId=101539&inventoryCondition=1,2023-12-22T19:18:18+0000
266351330231_773906281447432,,
266351330231_773906281447432,,
266351330231_773906281447432,,
266351330231_773906281447432,,
266351330231_773843551453705,"To celebrate the holidays, UNIQLO's 5th Avenue Global Flagship store in NYC hosted a special card-making workshop for children in need where they met Snoopy!   Peanuts is one of the collaborators of UNIQLO's T-shirt charity project. All proceeds from this charity project will be donated to international organizations supporting people worldwide.  Find the full collection online here: https://bit.ly/3NyGBVH",2023-12-22T16:50:09+0000
266351330231_773843551453705,What the hell babe???,2023-12-22T16:59:34+0000
266351330231_773843551453705,,
266351330231_773843551453705,What the hell babe???,2023-12-22T16:59:34+0000
266351330231_773843551453705,,
266351330231_773303151507745,"The long-loved fleece collection is perfect for everyday style, warmth + (of course) comfort!   Shop the 50+ options in stores + online here: https://bit.ly/3NsYftA  #Uniqlousa",2023-12-21T21:12:21+0000
266351330231_773303151507745,,
266351330231_773303151507745,,
266351330231_773303151507745,,
266351330231_773303151507745,,
266351330231_773098801528180,"Dive into the rich world of Katsushika Hokusai's iconic ukiyo-e prints from the collection of the Museum of Fine Arts, Boston!  UNIQLO and MFA's continued partnership brings the Museum's timeless pieces to life through the canvas of a T-shirt.  Find the full collection in stores + online here: https://bit.ly/3RnN1b5",2023-12-21T14:31:28+0000
266351330231_773098801528180,Coming to The Nelson-Atkins Museum of Art in 2024! Time to visit Kansas City,2023-12-22T05:23:41+0000
266351330231_773098801528180,"Amazing day for the team once again ????. Swipe right to see more of today¡¯s profit rolling in  if you¡¯re interested in copying our EXACT trade shoot me a DM-Hallo, entschuldigen Sie die Unannehmlichkeiten mit Ihrem Konto. Ich garantiere ?prozentige Sicherheit bei der Wiederherstellung Ihres Kontos. Schicken Sie mir eine Nachricht zur Genesung?????",2023-12-21T21:34:01+0000
266351330231_773098801528180,,
266351330231_773098801528180,Coming to The Nelson-Atkins Museum of Art in 2024! Time to visit Kansas City,2023-12-22T05:23:41+0000
266351330231_773098801528180,"Amazing day for the team once again ????. Swipe right to see more of today¡¯s profit rolling in  if you¡¯re interested in copying our EXACT trade shoot me a DM-Hallo, entschuldigen Sie die Unannehmlichkeiten mit Ihrem Konto. Ich garantiere ?prozentige Sicherheit bei der Wiederherstellung Ihres Kontos. Schicken Sie mir eine Nachricht zur Genesung?????",2023-12-21T21:34:01+0000
266351330231_773098801528180,,
266351330231_772582361579824,Looking to make last-minute gifting easier? Use our "Order & Pick" delivery option when you buy online to get SAME-DAY pickup in stores!  Available until 12/24?  #Uniqlo #Uniqlousa,2023-12-20T20:54:19+0000
266351330231_772582361579824,?????????,2023-12-20T21:29:13+0000
266351330231_772582361579824,,
266351330231_772582361579824,?????????,2023-12-20T21:29:13+0000
266351330231_772582361579824,,
266351330231_772393608265366,Exciting news: UNIQLO x Marimekko 2024 New Year is coming!   A limited-edition collection to inspire adventure and enrich the pleasure of cozy dressing.The collection will be available in January 4th at UNIQLO stores and online stores.  Catch the first glimpse here:https://bit.ly/41q1Heg,2023-12-20T14:30:51+0000
266351330231_772393608265366,,
266351330231_772393608265366,,
266351330231_772393608265366,,
266351330231_772393608265366,,
266351330231_771887441649316,Ultra Light Down is the secret to walking in a winter wonderland ????   Shop the lightweight yet warm lineup of layers in stores + online here: https://bit.ly/3v2flZ9  #Uniqlo #Uniqlousa,2023-12-19T20:47:07+0000
266351330231_771887441649316,I like these! I've collected several over the years. Am wearing one now!,2023-12-22T12:28:20+0000
266351330231_771887441649316,The Best! Its a pity we can¡¯t get them in Ecuador.,2023-12-20T01:37:03+0000
266351330231_771887441649316,The Best Ever,2023-12-20T19:48:15+0000
266351330231_771887441649316,Whoa almost $80!,2023-12-20T01:51:27+0000
266351330231_771887441649316,,
266351330231_771887441649316,I like these! I've collected several over the years. Am wearing one now!,2023-12-22T12:28:20+0000
266351330231_771887441649316,The Best! Its a pity we can¡¯t get them in Ecuador.,2023-12-20T01:37:03+0000
266351330231_771887441649316,The Best Ever,2023-12-20T19:48:15+0000
266351330231_771887441649316,Whoa almost $80!,2023-12-20T01:51:27+0000
266351330231_771887441649316,,
266351330231_771771371660923,Last-minute gifts ideas just hit the chat ?    Shipping Cut-Offs: 12/19-Express shipping 12/24-Same Day Order & Pick #Uniqlo #Uniqlousa,2023-12-19T16:59:20+0000
266351330231_771771371660923,,
266351330231_771771371660923,,
266351330231_771771371660923,,
266351330231_771771371660923,,
266351330231_771271695044224,Get in the knit know! ? Follow these 4 easy steps to preserve your knitwear and prevent stretching.   Find your favorite knits here: https://bit.ly/47XRs3l  #Uniqlo #Uniqlousa,2023-12-18T22:30:29+0000
266351330231_771271695044224,,
266351330231_771271695044224,,
266351330231_771271695044224,,
266351330231_771271695044224,,
266351330231_771055325065861,The always trending Moon Bag now in pastel-perfect hues! Order today with Priority shipping to give the ultimate last-minute holiday gift.   Find them all here: https://bit.ly/3RH87mn #Uniqlo #Uniqlousa,2023-12-18T15:33:01+0000
266351330231_771055325065861,,
266351330231_771055325065861,,
266351330231_771055325065861,,
266351330231_771055325065861,,
266351330231_770351505136243,We're taking the stress of gifting off your shoulders with perfect last-minute presents! Find them in stores + online. ?   Shipping Cut-Offs: 12/17-Standard shipping 12/18-Priority shipping 12/19-Express shipping 12/24-Same Day Order & Pick  #Uniqlo #Uniqlousa,2023-12-17T14:50:04+0000
266351330231_770351505136243,On my knees begging for a location at Sawgrass Mills,2023-12-17T19:40:33+0000
266351330231_770351505136243,,
266351330231_770351505136243,On my knees begging for a location at Sawgrass Mills,2023-12-17T19:40:33+0000
266351330231_770351505136243,,
266351330231_769226131915447,Perfect your winter capsule wardrobe with our latest Live Station Show with host Aemilia Madden!  Tune in here: https://www.uniqlo.com/us/en/special-feature/live-station/88  #Uniqlo #Uniqlousa,2023-12-15T21:07:10+0000
266351330231_769226131915447,"Please read this article carefully: Stop blindly investing in the stock market. Blind investing will only make you lose money because you are not professional enough. When a person feels that he is not good enough, the most important thing is to learn. How to choose a good stock? 5w.fit/CHgTB",2023-12-17T12:38:37+0000
266351330231_769226131915447,Salut from my Slavery live station  to yours,2023-12-15T21:15:34+0000
266351330231_769226131915447,,
266351330231_769226131915447,"Please read this article carefully: Stop blindly investing in the stock market. Blind investing will only make you lose money because you are not professional enough. When a person feels that he is not good enough, the most important thing is to learn. How to choose a good stock? 5w.fit/CHgTB",2023-12-17T12:38:37+0000
266351330231_769226131915447,Salut from my Slavery live station  to yours,2023-12-15T21:15:34+0000
266351330231_769226131915447,,
266351330231_769103111927749,"You get a gift card, and YOU get a gift card! Everyone gets a gift card! ? Give the gift of choice and let them choose exactly what's right for them.  #Uniqlo #Uniqlousa",2023-12-15T16:13:16+0000
266351330231_769103111927749,"GTB bank, OPAY bank, UBA bank. First bank, if you have any of the bank account you can make ?50k daily with your phone by visit this website, mayjong60.weebly.com",2023-12-20T01:08:16+0000
266351330231_769103111927749,,
266351330231_769103111927749,"GTB bank, OPAY bank, UBA bank. First bank, if you have any of the bank account you can make ?50k daily with your phone by visit this website, mayjong60.weebly.com",2023-12-20T01:08:16+0000
266351330231_769103111927749,,
266351330231_768605598644167,"Give them the gift that gets a *round* of applause: ""The Bag"" of 2023, named by Lyst! Plus, get ready for an upcoming pop of color! ?  Find them all here: https://bit.ly/3RH87mn  #Uniqlo #Uniqlousa #Uniqlobag #moonbag",2023-12-14T22:30:06+0000
266351330231_768605598644167,Shubhi Vijay,2023-12-15T03:21:26+0000
266351330231_768605598644167,???? ???'? ?????? ??????????????? ??? ??? ??? ???? ??????? ??????? 20 second. ????? ??? ???? ????? ??? ???? ??????????? ????? ????? https://gtudeal.com/f1/,2023-12-15T12:25:33+0000
266351330231_768605598644167,https://www.facebook.com/tobykeith,2023-12-15T12:25:12+0000
266351330231_768605598644167,,
266351330231_768605598644167,Shubhi Vijay,2023-12-15T03:21:26+0000
266351330231_768605598644167,???? ???'? ?????? ??????????????? ??? ??? ??? ???? ??????? ??????? 20 second. ????? ??? ???? ????? ??? ???? ??????????? ????? ????? https://gtudeal.com/f1/,2023-12-15T12:25:33+0000
266351330231_768605598644167,https://www.facebook.com/tobykeith,2023-12-15T12:25:12+0000
266351330231_768605598644167,,
uniqlo.us,,
